<?xml version="1.0" encoding="utf-8"?>
<grammar xml:lang="en-US" version="1.0" root="root"
	xmlns="http://www.w3.org/2001/06/grammar" xmlns:xsi="http://www.w3.org/2001/XMLSchema-instance"
	xsi:schemaLocation="http://www.w3.org/2001/06/grammar http://www.iristk.net/xml/srgs.xsd"
	tag-format="semantics/1.0">

	<rule id="root" scope="public">
		<one-of>
			<item>parrot</item>
			<item>mimic me</item>
			<item>parrot skill</item>
			<item>copying parrot</item>
			<item>repeat after me</item>
			<item>repeat me</item>
		</one-of>
	</rule>
</grammar>
