<?xml version="1.0" encoding="utf-8"?>
<grammar xml:lang="en-US" version="1.0"
    xmlns="http://www.w3.org/2001/06/grammar" xmlns:xsi="http://www.w3.org/2001/XMLSchema-instance"
    xsi:schemaLocation="http://www.w3.org/2001/06/grammar http://www.iristk.net/xml/srgs.xsd"
    tag-format="semantics/1.0">

    <rule id="no" scope="public">
        <one-of>
            <item>bye</item>
            <item>bye bye</item>
            <item>no</item>
            <item>no way</item>
            <item>nope</item>
            <item>not really</item>
            <item>I don't think so</item>
        </one-of>
        <tag>out.no=1</tag>
    </rule>

</grammar>