<?xml version="1.0" encoding="utf-8"?>
<flow name="PresentationFlow" package="iristk.app.presentation" initial="init" 
	xmlns="iristk.flow"
	xmlns:agent="iristk.situated.SystemAgentFlow"
	xmlns:p="iristk.flow.param"
	xmlns:xsi="http://www.w3.org/2001/XMLSchema-instance"
	xsi:schemaLocation="iristk.flow flow.xsd iristk.situated.SystemAgentFlow SystemAgentFlow.xsd">

	<import class="iristk.furhat.util.Localizer"/>
	
	<param name="agent" type="iristk.situated.SystemAgentFlow"/>
	<param name="translator" type="Localizer"/><!-- Param used to call localizer object -->
	<param name="settings" type="Record"/><!-- Param used to fetch some settings -->

	<var name="system" type="iristk.situated.SystemAgent" value="agent.getSystemAgent()" />

    <state id="init">
        <onentry>
            <goto state="part1"/>
        </onentry>
    </state>
    
	<state id="part1" extends="IdleMoves">
		<onentry>
			<send event="action.voice" p:name="settings:maleVoice" />
			<send event="action.face.texture" p:name="settings:defaultTexture" />
			<call state="lookAtRandomPerson" />
			<wait msec="500" />
			
			<call state="lookAtRandomPerson" />
			<agent:say text="translator.get('HELLO_THERE')"/>
			<wait msec="100" />
			
			<send event="action.gesture" p:name="'smile'" />
			<agent:say text="translator.get('MY_NAME_IS_FURHAT')"/>
			<send event="action.gesture" p:name="'smile'" />
			<call state="lookAtRandomPerson" />
			<agent:say text="translator.get('I_CAN_SHOW_EMOTIONS')"/>
			<send event="action.gesture" p:name="'emotion_anger'" />
			<wait msec="1000" />
			
			<call state="lookAtRandomPerson" />
			<send event="action.gesture" p:name="'emotion_neutral'"/>
			<agent:say text="translator.get('I_CAN_HAVE_PERSONALITIES')"/>
			<send event="action.face.texture" p:name="settings:femaleTexture" />
			<agent:say text="translator.get('I_CAN_LOOK_FEMALE')"/>
			<call state="lookAtRandomPerson" />
			<send event="action.voice" p:name="settings:femaleVoice" />
			<agent:say text="translator.get('AND_SOUND_FEMALE')"/>
			<call state="lookAtRandomPerson" />
			<send event="action.voice" p:name="settings:maleVoice" />
			<agent:say text="translator.get('OR_LIKE_ANYONE_ELSE')"/>
			<call state="lookAtRandomPerson" />
			<send event="action.face.texture" p:name="settings:avatarTexture" />
			<agent:say text="translator.get('LIKE_AN_AVATAR')"/>
			<if cond="eq(settings:maleVoice, 'william')">
    			<agent:say>GESTURE_GIGGLE_2</agent:say>
			<else/>
				<agent:say text="translator.get('GESTURE_BREATH_IN')"/>
			</if>
			<call state="lookAtRandomPerson" />
			<send event="action.face.texture" p:name="settings:defaultTexture" />
			<wait msec="500" />			
			<call state="lookAtRandomPerson" />
			<agent:say text="translator.get('INSIDE_MY_CHEST_FURHATOS')"/>
			<call state="lookAtRandomPerson" />
			<agent:say text="translator.get('IT_CONNECTS_ME_TO_SENSORS')"/>
			<wait msec="1200" />
			
			<call state="lookAtRandomPerson" />
			<if cond="eq(settings:maleVoice, 'william')">
        		<agent:say>GESTURE_SIGH_HAPPY</agent:say>
        	</if>
			<wait msec="300" />

			<agent:say text="translator.get('EXCITING_TIMES')"/>
			<wait msec="100" />
			<agent:say text="translator.get('I_BELIEVE_GREAT_THINGS_ARE_HAPPENING')"/>
			<agent:say text="translator.get('BETWEEN_ROBOTS_AND_HUMANS')"/>
			<call state="lookAtRandomPerson" />
			<wait msec="200" />			
			<agent:say text="translator.get('HAPPY_TO_BE_HERE')"/>
			<agent:say text="translator.get('LOOKING_FORWARD_TO_GET_TO_KNOW_YOU')"/>
			<if cond="settings?:personToPassOverTo">
				<wait msec="500" />			
				<send event="action.gesture" p:name="'wink'"/>
				<agent:say>Thanks for me, over to you <expr>settings:personToPassOverTo</expr></agent:say>
			</if>
			<send event="action.gesture" p:name="'smile'" />
			<goto state="PostPres"/>
		</onentry>
	</state>
	 
	<state id="PostPres" extends="IdleMoves">
	    <ontime interval="16000-32000">
			<if cond="settings?:shouldCough and eq(settings:maleVoice, 'william')">
		        <random>
		            <agent:say>GESTURE_SNIFF_1</agent:say>
		            <agent:say>GESTURE_COUGH_2</agent:say>
		        </random> 
	        </if>
	    </ontime>
	</state>
	
	<state id="lookAtRandomPerson">
		<onentry>
			<if cond="system.hasUsers()">
				<!-- The system has a camera and users in front, let's attend to one of them  -->
				<agent:attendOther/>
			<else />
				<!-- The system has no camera or no users in front, let's attend random point  -->
				<random>
					<agent:attend x="0.5" y="0" z="1"/>
					<agent:attend x="0.2" y="0" z="1"/>
					<agent:attend x="-0.5" y="0.1" z="1"/>
					<agent:attend x="-0.2" y="-0.1" z="1"/>	
					<agent:attend x="0" y="0" z="1"/>	
				</random>
			</if>			
			<return />
		</onentry>
	</state>

	<state id="IdleMoves">
		<ontime interval="4000-8000">
			<!-- every 4 to 8 seconds do a random gesture  -->
			<random>
    			<agent:gesture name="'phone_oh'" async="true"/>
    			<agent:gesture name="'surprise'" async="true"/>
    			<agent:gesture name="'shy'" async="true"/>
    			<agent:gesture name="'smile'" async="true"/>
    			<agent:gesture name="'thoughtful'" async="true"/>
			</random>
		</ontime>
		<ontime interval="3000-10000">
			<!-- every 3 to 10 seconds look in a random direction  -->
			<random>
				<agent:attend x="0.2" y="0.1" z="1"/>
				<agent:attend x="0.2" y="-0.1" z="1"/>
				<agent:attend x="-0.2" y="0.1" z="1"/>
				<agent:attend x="-0.2" y="-0.1" z="1"/>	
				<agent:attend x="0" y="0" z="1"/>	
			</random>
			<agent:attend x="0" y="0" z="1" mode="'eyes'"/>	
		</ontime>
	</state>
</flow>